"period","value","country","var"
1980-01-01,24.5049500525041,"France","world_demand"
1980-04-01,23.6839358795757,"France","world_demand"
1980-07-01,23.2756625151646,"France","world_demand"
1980-10-01,23.0175375675874,"France","world_demand"
1981-01-01,23.0636492818188,"France","world_demand"
1981-04-01,23.207223067281,"France","world_demand"
1981-07-01,23.7519599769318,"France","world_demand"
1981-10-01,23.6242169780915,"France","world_demand"
1982-01-01,24.0263161441032,"France","world_demand"
1982-04-01,23.7327430045456,"France","world_demand"
1982-07-01,23.5842332206455,"France","world_demand"
1982-10-01,23.1258644948321,"France","world_demand"
1983-01-01,23.3131393962274,"France","world_demand"
1983-04-01,24.0721909066249,"France","world_demand"
1983-07-01,24.360253440968,"France","world_demand"
1983-10-01,25.0395334413561,"France","world_demand"
1984-01-01,25.605496612956,"France","world_demand"
1984-04-01,26.018018079944,"France","world_demand"
1984-07-01,26.8195720789185,"France","world_demand"
1984-10-01,26.9438979594751,"France","world_demand"
1985-01-01,27.4969635901498,"France","world_demand"
1985-04-01,27.2748719477668,"France","world_demand"
1985-07-01,27.3671275794795,"France","world_demand"
1985-10-01,27.7407210637215,"France","world_demand"
1986-01-01,27.9117738266223,"France","world_demand"
1986-04-01,28.8502795519522,"France","world_demand"
1986-07-01,29.2144871995644,"France","world_demand"
1986-10-01,29.3772111999587,"France","world_demand"
1987-01-01,29.5443829352989,"France","world_demand"
1987-04-01,30.2322248985581,"France","world_demand"
1987-07-01,31.2107660290456,"France","world_demand"
1987-10-01,32.0111587696431,"France","world_demand"
1988-01-01,31.5855462868081,"France","world_demand"
1988-04-01,32.6047749849366,"France","world_demand"
1988-07-01,33.6533638508453,"France","world_demand"
1988-10-01,34.8185687753701,"France","world_demand"
1989-01-01,35.3075671040379,"France","world_demand"
1989-04-01,35.8642042767115,"France","world_demand"
1989-07-01,36.228032062663,"France","world_demand"
1989-10-01,36.8100194475899,"France","world_demand"
1990-01-01,37.6336326775321,"France","world_demand"
1990-04-01,38.3315428630082,"France","world_demand"
1990-07-01,38.5727201984492,"France","world_demand"
1990-10-01,39.4034416675503,"France","world_demand"
1991-01-01,39.3258916258937,"France","world_demand"
1991-04-01,39.784257497731,"France","world_demand"
1991-07-01,40.1199893671065,"France","world_demand"
1991-10-01,40.4918453588608,"France","world_demand"
1992-01-01,41.6943662634959,"France","world_demand"
1992-04-01,41.8923768261267,"France","world_demand"
1992-07-01,41.7945685045537,"France","world_demand"
1992-10-01,41.6589783298586,"France","world_demand"
1993-01-01,40.2616648195238,"France","world_demand"
1993-04-01,40.1069880321363,"France","world_demand"
1993-07-01,40.5787647173081,"France","world_demand"
1993-10-01,41.1418350225231,"France","world_demand"
1994-01-01,42.1865776435161,"France","world_demand"
1994-04-01,43.4296646360519,"France","world_demand"
1994-07-01,44.2973263820594,"France","world_demand"
1994-10-01,45.8071354996144,"France","world_demand"
1995-01-01,46.1998406834137,"France","world_demand"
1995-04-01,47.3835930552196,"France","world_demand"
1995-07-01,47.6364919510675,"France","world_demand"
1995-10-01,48.2086332895039,"France","world_demand"
1996-01-01,48.6848167700444,"France","world_demand"
1996-04-01,48.9064141067771,"France","world_demand"
1996-07-01,49.7596486817773,"France","world_demand"
1996-10-01,51.0409885333226,"France","world_demand"
1997-01-01,52.5301349496212,"France","world_demand"
1997-04-01,54.0673404301438,"France","world_demand"
1997-07-01,55.2308966902033,"France","world_demand"
1997-10-01,56.5020599863943,"France","world_demand"
1998-01-01,57.9934128607234,"France","world_demand"
1998-04-01,58.9230811610025,"France","world_demand"
1998-07-01,59.3066832008355,"France","world_demand"
1998-10-01,60.480507951518,"France","world_demand"
1999-01-01,61.7289587530645,"France","world_demand"
1999-04-01,63.2095739229396,"France","world_demand"
1999-07-01,64.9075720387971,"France","world_demand"
1999-10-01,66.5680298954299,"France","world_demand"
2000-01-01,68.3970848630829,"France","world_demand"
2000-04-01,70.1462356261414,"France","world_demand"
2000-07-01,71.9045013880732,"France","world_demand"
2000-10-01,73.8563623285376,"France","world_demand"
2001-01-01,73.2655407570138,"France","world_demand"
2001-04-01,73.0673872156299,"France","world_demand"
2001-07-01,72.0520427148263,"France","world_demand"
2001-10-01,71.3827143855693,"France","world_demand"
2002-01-01,72.2501252092217,"France","world_demand"
2002-04-01,73.4214978305715,"France","world_demand"
2002-07-01,73.8479889306496,"France","world_demand"
2002-10-01,75.1872342113972,"France","world_demand"
2003-01-01,75.5514810697285,"France","world_demand"
2003-04-01,75.5822503411355,"France","world_demand"
2003-07-01,76.4699508498408,"France","world_demand"
2003-10-01,78.5702522274332,"France","world_demand"
2004-01-01,79.8348719176701,"France","world_demand"
2004-04-01,81.6607878351033,"France","world_demand"
2004-07-01,83.0439239642106,"France","world_demand"
2004-10-01,84.334060945161,"France","world_demand"
2005-01-01,84.3951159474859,"France","world_demand"
2005-04-01,87.0941493054356,"France","world_demand"
2005-07-01,87.9732807666585,"France","world_demand"
2005-10-01,89.9697111854214,"France","world_demand"
2006-01-01,93.2097501655049,"France","world_demand"
2006-04-01,94.7226783816936,"France","world_demand"
2006-07-01,94.4903491220529,"France","world_demand"
2006-10-01,96.9039199779104,"France","world_demand"
2007-01-01,98.5570071099498,"France","world_demand"
2007-04-01,99.3747410606077,"France","world_demand"
2007-07-01,101.247257724242,"France","world_demand"
2007-10-01,101.977300585451,"France","world_demand"
2008-01-01,102.467554871609,"France","world_demand"
2008-04-01,101.67443615627,"France","world_demand"
2008-07-01,100.891694393797,"France","world_demand"
2008-10-01,96.5039559082945,"France","world_demand"
2009-01-01,90.2018932540048,"France","world_demand"
2009-04-01,88.2678169905045,"France","world_demand"
2009-07-01,91.2939306972975,"France","world_demand"
2009-10-01,92.7456326201282,"France","world_demand"
2010-01-01,95.8710964253324,"France","world_demand"
2010-04-01,100.058319675811,"France","world_demand"
2010-07-01,101.145697282265,"France","world_demand"
2010-10-01,102.924886616591,"France","world_demand"
2011-01-01,103.970741867436,"France","world_demand"
2011-04-01,104.415379449579,"France","world_demand"
2011-07-01,104.988915868638,"France","world_demand"
2011-10-01,104.047780446518,"France","world_demand"
2012-01-01,104.199722069308,"France","world_demand"
2012-04-01,104.028908359725,"France","world_demand"
2012-07-01,104.323243192087,"France","world_demand"
2012-10-01,103.341212075888,"France","world_demand"
2013-01-01,104.042944315327,"France","world_demand"
2013-04-01,106.252274765889,"France","world_demand"
2013-07-01,107.227165185556,"France","world_demand"
2013-10-01,108.067543041031,"France","world_demand"
2014-01-01,108.901753937067,"France","world_demand"
2014-04-01,109.720472080381,"France","world_demand"
2014-07-01,111.346055143724,"France","world_demand"
2014-10-01,112.944509639975,"France","world_demand"
2015-01-01,114.841911337531,"France","world_demand"
2015-04-01,116.348624298093,"France","world_demand"
2015-07-01,116.16815360641,"France","world_demand"
2015-10-01,117.827557257393,"France","world_demand"
2016-01-01,118.572441167265,"France","world_demand"
2016-04-01,119.875781261443,"France","world_demand"
2016-07-01,121.188931079403,"France","world_demand"
2016-10-01,122.905906955655,"France","world_demand"
2017-01-01,124.577639974474,"France","world_demand"
2017-04-01,126.340868923665,"France","world_demand"
2017-07-01,127.579813721817,"France","world_demand"
2017-10-01,129.311878781387,"France","world_demand"
2018-01-01,129.851710965151,"France","world_demand"
2018-04-01,130.55048113582,"France","world_demand"
2018-07-01,131.540417000317,"France","world_demand"
2018-10-01,132.379193172004,"France","world_demand"
2019-01-01,133.307034343882,"France","world_demand"
2019-04-01,132.408805522498,"France","world_demand"
2019-07-01,133.035732166198,"France","world_demand"
2019-10-01,131.334814334133,"France","world_demand"
2020-01-01,128.244108462115,"France","world_demand"
2020-04-01,108.582369052443,"France","world_demand"
2020-07-01,122.412561225937,"France","world_demand"
2020-10-01,128.532051037534,"France","world_demand"
2021-01-01,130.873688974741,"France","world_demand"
2021-04-01,133.368947043012,"France","world_demand"
2021-07-01,135.088165731713,"France","world_demand"
2021-10-01,139.640233624649,"France","world_demand"
2022-01-01,142.060058036689,"France","world_demand"
2022-04-01,143.283599246092,"France","world_demand"
2022-07-01,145.024866420871,"France","world_demand"
2022-10-01,144.132565863095,"France","world_demand"
2023-01-01,144.163894037671,"France","world_demand"
2023-04-01,143.08848972365,"France","world_demand"
2023-07-01,140.858379716585,"France","world_demand"
2023-10-01,141.504827121883,"France","world_demand"
1980-01-01,24.8834172321624,"Germany","world_demand"
1980-04-01,23.9634745265629,"Germany","world_demand"
1980-07-01,23.6798874669065,"Germany","world_demand"
1980-10-01,23.1476625313652,"Germany","world_demand"
1981-01-01,23.1393105321519,"Germany","world_demand"
1981-04-01,23.3667741235577,"Germany","world_demand"
1981-07-01,24.0759173475344,"Germany","world_demand"
1981-10-01,24.1046100563025,"Germany","world_demand"
1982-01-01,24.1623501376552,"Germany","world_demand"
1982-04-01,24.1217386601342,"Germany","world_demand"
1982-07-01,24.002037666853,"Germany","world_demand"
1982-10-01,23.6663247092332,"Germany","world_demand"
1983-01-01,23.8366892134157,"Germany","world_demand"
1983-04-01,24.2134839027571,"Germany","world_demand"
1983-07-01,24.6442956993994,"Germany","world_demand"
1983-10-01,25.3604347939637,"Germany","world_demand"
1984-01-01,25.9540546792871,"Germany","world_demand"
1984-04-01,26.3876927137693,"Germany","world_demand"
1984-07-01,26.8042411841579,"Germany","world_demand"
1984-10-01,27.1868351710119,"Germany","world_demand"
1985-01-01,27.6714085200994,"Germany","world_demand"
1985-04-01,27.7326116882845,"Germany","world_demand"
1985-07-01,27.9161003796441,"Germany","world_demand"
1985-10-01,28.4915090599189,"Germany","world_demand"
1986-01-01,28.5728270864081,"Germany","world_demand"
1986-04-01,29.6082830756219,"Germany","world_demand"
1986-07-01,30.1982650271105,"Germany","world_demand"
1986-10-01,30.1876759707844,"Germany","world_demand"
1987-01-01,30.2799748622678,"Germany","world_demand"
1987-04-01,30.9806704371942,"Germany","world_demand"
1987-07-01,31.9101161672552,"Germany","world_demand"
1987-10-01,32.9315538887123,"Germany","world_demand"
1988-01-01,32.6419547571001,"Germany","world_demand"
1988-04-01,33.2258590605977,"Germany","world_demand"
1988-07-01,34.3841874551937,"Germany","world_demand"
1988-10-01,35.4170233782298,"Germany","world_demand"
1989-01-01,35.9404827418486,"Germany","world_demand"
1989-04-01,36.4780475129195,"Germany","world_demand"
1989-07-01,36.8067033845306,"Germany","world_demand"
1989-10-01,37.4241674501205,"Germany","world_demand"
1990-01-01,38.0328576693092,"Germany","world_demand"
1990-04-01,38.7954844206042,"Germany","world_demand"
1990-07-01,38.298628059405,"Germany","world_demand"
1990-10-01,38.5506804755776,"Germany","world_demand"
1991-01-01,38.5769634605598,"Germany","world_demand"
1991-04-01,38.9674934334227,"Germany","world_demand"
1991-07-01,39.2073289047599,"Germany","world_demand"
1991-10-01,39.3784980537662,"Germany","world_demand"
1992-01-01,40.2954770951603,"Germany","world_demand"
1992-04-01,40.6757072780272,"Germany","world_demand"
1992-07-01,40.4099104688535,"Germany","world_demand"
1992-10-01,40.0543819105957,"Germany","world_demand"
1993-01-01,39.5148188938853,"Germany","world_demand"
1993-04-01,39.0612438885788,"Germany","world_demand"
1993-07-01,39.4240496891326,"Germany","world_demand"
1993-10-01,40.2243729306544,"Germany","world_demand"
1994-01-01,41.1052105606126,"Germany","world_demand"
1994-04-01,42.2761613960177,"Germany","world_demand"
1994-07-01,43.0229344669287,"Germany","world_demand"
1994-10-01,44.5824424234984,"Germany","world_demand"
1995-01-01,45.0897668987647,"Germany","world_demand"
1995-04-01,46.2620068318597,"Germany","world_demand"
1995-07-01,46.4491903475153,"Germany","world_demand"
1995-10-01,47.0954190852344,"Germany","world_demand"
1996-01-01,47.7665814473979,"Germany","world_demand"
1996-04-01,47.9328391227061,"Germany","world_demand"
1996-07-01,48.7511585391274,"Germany","world_demand"
1996-10-01,49.6194357764927,"Germany","world_demand"
1997-01-01,51.1615564670984,"Germany","world_demand"
1997-04-01,52.8443297134489,"Germany","world_demand"
1997-07-01,54.0848845988867,"Germany","world_demand"
1997-10-01,55.3924264182624,"Germany","world_demand"
1998-01-01,57.0695455102705,"Germany","world_demand"
1998-04-01,57.6847234028122,"Germany","world_demand"
1998-07-01,58.1932104217975,"Germany","world_demand"
1998-10-01,59.124583202648,"Germany","world_demand"
1999-01-01,59.9041002176509,"Germany","world_demand"
1999-04-01,61.0676278029167,"Germany","world_demand"
1999-07-01,62.684794533322,"Germany","world_demand"
1999-10-01,64.6036616659645,"Germany","world_demand"
2000-01-01,66.749248521038,"Germany","world_demand"
2000-04-01,68.675481334551,"Germany","world_demand"
2000-07-01,70.5967226705918,"Germany","world_demand"
2000-10-01,72.6507168879015,"Germany","world_demand"
2001-01-01,72.3631564709125,"Germany","world_demand"
2001-04-01,71.6770224300754,"Germany","world_demand"
2001-07-01,70.7366680034919,"Germany","world_demand"
2001-10-01,70.1584075781454,"Germany","world_demand"
2002-01-01,71.9726546441183,"Germany","world_demand"
2002-04-01,72.9338107840552,"Germany","world_demand"
2002-07-01,73.2413595553934,"Germany","world_demand"
2002-10-01,74.3662048142042,"Germany","world_demand"
2003-01-01,74.7604168713812,"Germany","world_demand"
2003-04-01,74.7009774535186,"Germany","world_demand"
2003-07-01,75.8214656631275,"Germany","world_demand"
2003-10-01,77.7081691316385,"Germany","world_demand"
2004-01-01,78.6823935989072,"Germany","world_demand"
2004-04-01,81.3216825675598,"Germany","world_demand"
2004-07-01,82.6713327620293,"Germany","world_demand"
2004-10-01,84.0458512797755,"Germany","world_demand"
2005-01-01,84.209959916728,"Germany","world_demand"
2005-04-01,86.7481170565054,"Germany","world_demand"
2005-07-01,87.9450730927003,"Germany","world_demand"
2005-10-01,89.9077371437655,"Germany","world_demand"
2006-01-01,92.5240646561234,"Germany","world_demand"
2006-04-01,94.1780994191425,"Germany","world_demand"
2006-07-01,93.7663998242624,"Germany","world_demand"
2006-10-01,96.1100503146667,"Germany","world_demand"
2007-01-01,97.6980858903126,"Germany","world_demand"
2007-04-01,98.5777203315023,"Germany","world_demand"
2007-07-01,100.30097447513,"Germany","world_demand"
2007-10-01,101.410176705605,"Germany","world_demand"
2008-01-01,102.052836805944,"Germany","world_demand"
2008-04-01,101.49573660748,"Germany","world_demand"
2008-07-01,100.424639090218,"Germany","world_demand"
2008-10-01,96.5538110032264,"Germany","world_demand"
2009-01-01,90.0631441896497,"Germany","world_demand"
2009-04-01,88.5971822544736,"Germany","world_demand"
2009-07-01,91.1538531830987,"Germany","world_demand"
2009-10-01,93.6679075412878,"Germany","world_demand"
2010-01-01,95.5976470409472,"Germany","world_demand"
2010-04-01,99.5978833854439,"Germany","world_demand"
2010-07-01,101.68000279004,"Germany","world_demand"
2010-10-01,103.124466783569,"Germany","world_demand"
2011-01-01,104.630952989187,"Germany","world_demand"
2011-04-01,104.438294594332,"Germany","world_demand"
2011-07-01,105.439416627987,"Germany","world_demand"
2011-10-01,104.911642004939,"Germany","world_demand"
2012-01-01,105.397971363039,"Germany","world_demand"
2012-04-01,105.336737363985,"Germany","world_demand"
2012-07-01,105.690371710498,"Germany","world_demand"
2012-10-01,104.902584745837,"Germany","world_demand"
2013-01-01,105.356782360713,"Germany","world_demand"
2013-04-01,107.997116833929,"Germany","world_demand"
2013-07-01,108.849073857743,"Germany","world_demand"
2013-10-01,110.062599943051,"Germany","world_demand"
2014-01-01,110.993829905876,"Germany","world_demand"
2014-04-01,111.50365285425,"Germany","world_demand"
2014-07-01,113.249495618446,"Germany","world_demand"
2014-10-01,114.96132795418,"Germany","world_demand"
2015-01-01,116.312793844914,"Germany","world_demand"
2015-04-01,119.14627816337,"Germany","world_demand"
2015-07-01,118.840718969523,"Germany","world_demand"
2015-10-01,120.964233238705,"Germany","world_demand"
2016-01-01,121.207917623171,"Germany","world_demand"
2016-04-01,122.104727168873,"Germany","world_demand"
2016-07-01,123.383161988577,"Germany","world_demand"
2016-10-01,124.668159403945,"Germany","world_demand"
2017-01-01,126.961088801217,"Germany","world_demand"
2017-04-01,128.458144640951,"Germany","world_demand"
2017-07-01,130.12201583128,"Germany","world_demand"
2017-10-01,131.583249912959,"Germany","world_demand"
2018-01-01,132.794097633755,"Germany","world_demand"
2018-04-01,133.794782045818,"Germany","world_demand"
2018-07-01,134.369230899733,"Germany","world_demand"
2018-10-01,135.346212328253,"Germany","world_demand"
2019-01-01,136.572714261556,"Germany","world_demand"
2019-04-01,136.206904894334,"Germany","world_demand"
2019-07-01,136.917647539581,"Germany","world_demand"
2019-10-01,134.682953848684,"Germany","world_demand"
2020-01-01,131.58237083358,"Germany","world_demand"
2020-04-01,113.482114215111,"Germany","world_demand"
2020-07-01,127.71220209372,"Germany","world_demand"
2020-10-01,133.540524358046,"Germany","world_demand"
2021-01-01,135.69127714079,"Germany","world_demand"
2021-04-01,138.454544474681,"Germany","world_demand"
2021-07-01,140.065180313746,"Germany","world_demand"
2021-10-01,143.934311337902,"Germany","world_demand"
2022-01-01,147.252230734945,"Germany","world_demand"
2022-04-01,148.015946341372,"Germany","world_demand"
2022-07-01,150.067277270347,"Germany","world_demand"
2022-10-01,149.499140265548,"Germany","world_demand"
2023-01-01,148.858489208302,"Germany","world_demand"
2023-04-01,147.79347001613,"Germany","world_demand"
2023-07-01,145.441569124853,"Germany","world_demand"
2023-10-01,145.34511011649,"Germany","world_demand"
1980-01-01,24.335351916125,"Italy","world_demand"
1980-04-01,23.7736864546821,"Italy","world_demand"
1980-07-01,23.4209573524458,"Italy","world_demand"
1980-10-01,23.4018301431321,"Italy","world_demand"
1981-01-01,23.3096352103453,"Italy","world_demand"
1981-04-01,23.4837607361597,"Italy","world_demand"
1981-07-01,24.1051806666399,"Italy","world_demand"
1981-10-01,24.0951086275433,"Italy","world_demand"
1982-01-01,24.2432907839577,"Italy","world_demand"
1982-04-01,24.3029096890826,"Italy","world_demand"
1982-07-01,23.9877442525088,"Italy","world_demand"
1982-10-01,23.6369934782297,"Italy","world_demand"
1983-01-01,23.8068937054786,"Italy","world_demand"
1983-04-01,24.1722987154807,"Italy","world_demand"
1983-07-01,24.5243733354434,"Italy","world_demand"
1983-10-01,25.0005849904081,"Italy","world_demand"
1984-01-01,25.5118500576918,"Italy","world_demand"
1984-04-01,25.8198041215029,"Italy","world_demand"
1984-07-01,26.2116268924541,"Italy","world_demand"
1984-10-01,26.2724372486705,"Italy","world_demand"
1985-01-01,26.6005546300407,"Italy","world_demand"
1985-04-01,26.5058075737087,"Italy","world_demand"
1985-07-01,26.597265262273,"Italy","world_demand"
1985-10-01,26.9210462972824,"Italy","world_demand"
1986-01-01,27.0997963900557,"Italy","world_demand"
1986-04-01,27.9339167276983,"Italy","world_demand"
1986-07-01,28.1857171045803,"Italy","world_demand"
1986-10-01,28.3142497747161,"Italy","world_demand"
1987-01-01,28.4805805846654,"Italy","world_demand"
1987-04-01,29.2149549856736,"Italy","world_demand"
1987-07-01,29.6463554396976,"Italy","world_demand"
1987-10-01,30.4484520660094,"Italy","world_demand"
1988-01-01,30.3539272299206,"Italy","world_demand"
1988-04-01,30.9461146363396,"Italy","world_demand"
1988-07-01,32.0231624186183,"Italy","world_demand"
1988-10-01,33.0403437421319,"Italy","world_demand"
1989-01-01,33.5551942159789,"Italy","world_demand"
1989-04-01,34.1523518174533,"Italy","world_demand"
1989-07-01,34.5596391852048,"Italy","world_demand"
1989-10-01,35.2368799913532,"Italy","world_demand"
1990-01-01,35.7813893950654,"Italy","world_demand"
1990-04-01,36.2997410262332,"Italy","world_demand"
1990-07-01,36.7495193494602,"Italy","world_demand"
1990-10-01,37.0584387290828,"Italy","world_demand"
1991-01-01,37.5384986961918,"Italy","world_demand"
1991-04-01,37.7656818603722,"Italy","world_demand"
1991-07-01,38.0511359549724,"Italy","world_demand"
1991-10-01,38.3791266807137,"Italy","world_demand"
1992-01-01,39.2610288891789,"Italy","world_demand"
1992-04-01,39.2776695844368,"Italy","world_demand"
1992-07-01,39.0665804170992,"Italy","world_demand"
1992-10-01,39.085343954145,"Italy","world_demand"
1993-01-01,38.1716399804504,"Italy","world_demand"
1993-04-01,38.0099703419721,"Italy","world_demand"
1993-07-01,38.3743677009527,"Italy","world_demand"
1993-10-01,39.0742207796697,"Italy","world_demand"
1994-01-01,39.7891950225882,"Italy","world_demand"
1994-04-01,41.0568981368017,"Italy","world_demand"
1994-07-01,41.8471584144556,"Italy","world_demand"
1994-10-01,43.1275058323588,"Italy","world_demand"
1995-01-01,43.545534068069,"Italy","world_demand"
1995-04-01,44.6085537089793,"Italy","world_demand"
1995-07-01,44.9313350512318,"Italy","world_demand"
1995-10-01,45.4272775039466,"Italy","world_demand"
1996-01-01,46.1737607280338,"Italy","world_demand"
1996-04-01,46.6044812312049,"Italy","world_demand"
1996-07-01,47.3533896496508,"Italy","world_demand"
1996-10-01,48.3911600315141,"Italy","world_demand"
1997-01-01,49.7512226933967,"Italy","world_demand"
1997-04-01,50.9267552958202,"Italy","world_demand"
1997-07-01,52.1954523545399,"Italy","world_demand"
1997-10-01,53.2742203397546,"Italy","world_demand"
1998-01-01,54.6572821614159,"Italy","world_demand"
1998-04-01,55.7173029891824,"Italy","world_demand"
1998-07-01,56.1563017006887,"Italy","world_demand"
1998-10-01,56.9145822373326,"Italy","world_demand"
1999-01-01,58.0025609056615,"Italy","world_demand"
1999-04-01,59.4575394887539,"Italy","world_demand"
1999-07-01,60.9953585988509,"Italy","world_demand"
1999-10-01,62.5622472825803,"Italy","world_demand"
2000-01-01,64.3726662837943,"Italy","world_demand"
2000-04-01,66.3340731951457,"Italy","world_demand"
2000-07-01,68.0790325943365,"Italy","world_demand"
2000-10-01,70.0890337902799,"Italy","world_demand"
2001-01-01,69.4630314326949,"Italy","world_demand"
2001-04-01,68.9524605389426,"Italy","world_demand"
2001-07-01,67.9904446175268,"Italy","world_demand"
2001-10-01,67.4975991810197,"Italy","world_demand"
2002-01-01,68.5406773191381,"Italy","world_demand"
2002-04-01,69.8524575336342,"Italy","world_demand"
2002-07-01,70.4842068101671,"Italy","world_demand"
2002-10-01,71.587249285974,"Italy","world_demand"
2003-01-01,72.1897063725489,"Italy","world_demand"
2003-04-01,72.4341637121776,"Italy","world_demand"
2003-07-01,73.619555604429,"Italy","world_demand"
2003-10-01,75.7053680608202,"Italy","world_demand"
2004-01-01,76.9206932925876,"Italy","world_demand"
2004-04-01,79.0798396135479,"Italy","world_demand"
2004-07-01,80.5023209665777,"Italy","world_demand"
2004-10-01,81.8472216357226,"Italy","world_demand"
2005-01-01,82.1447895761832,"Italy","world_demand"
2005-04-01,84.7189399608443,"Italy","world_demand"
2005-07-01,85.9386015939483,"Italy","world_demand"
2005-10-01,88.3180896549234,"Italy","world_demand"
2006-01-01,90.7661110406503,"Italy","world_demand"
2006-04-01,92.5162142882052,"Italy","world_demand"
2006-07-01,92.4579092760385,"Italy","world_demand"
2006-10-01,95.1581025503913,"Italy","world_demand"
2007-01-01,97.1024979717041,"Italy","world_demand"
2007-04-01,98.2375694392621,"Italy","world_demand"
2007-07-01,100.022777641723,"Italy","world_demand"
2007-10-01,101.05152445795,"Italy","world_demand"
2008-01-01,102.188356541679,"Italy","world_demand"
2008-04-01,101.380193308372,"Italy","world_demand"
2008-07-01,100.854860113245,"Italy","world_demand"
2008-10-01,96.9174800019688,"Italy","world_demand"
2009-01-01,90.5754927290298,"Italy","world_demand"
2009-04-01,88.6388713191561,"Italy","world_demand"
2009-07-01,91.3161588602746,"Italy","world_demand"
2009-10-01,93.381921840234,"Italy","world_demand"
2010-01-01,95.7705787326817,"Italy","world_demand"
2010-04-01,100.023270737032,"Italy","world_demand"
2010-07-01,101.359426961847,"Italy","world_demand"
2010-10-01,102.84672356844,"Italy","world_demand"
2011-01-01,104.719305691849,"Italy","world_demand"
2011-04-01,105.109226688197,"Italy","world_demand"
2011-07-01,106.151014035614,"Italy","world_demand"
2011-10-01,105.980725322677,"Italy","world_demand"
2012-01-01,106.144770720928,"Italy","world_demand"
2012-04-01,106.259034380213,"Italy","world_demand"
2012-07-01,106.957327104981,"Italy","world_demand"
2012-10-01,106.191304377398,"Italy","world_demand"
2013-01-01,107.188755772587,"Italy","world_demand"
2013-04-01,110.407698307887,"Italy","world_demand"
2013-07-01,110.969910823319,"Italy","world_demand"
2013-10-01,111.643868683108,"Italy","world_demand"
2014-01-01,112.715278516888,"Italy","world_demand"
2014-04-01,113.127291550504,"Italy","world_demand"
2014-07-01,114.90698469603,"Italy","world_demand"
2014-10-01,116.811353166617,"Italy","world_demand"
2015-01-01,118.358720672523,"Italy","world_demand"
2015-04-01,119.093135464885,"Italy","world_demand"
2015-07-01,119.812181148549,"Italy","world_demand"
2015-10-01,121.469186289981,"Italy","world_demand"
2016-01-01,122.066290594757,"Italy","world_demand"
2016-04-01,122.674081159761,"Italy","world_demand"
2016-07-01,123.991940254246,"Italy","world_demand"
2016-10-01,125.646638260181,"Italy","world_demand"
2017-01-01,127.4887718888,"Italy","world_demand"
2017-04-01,128.862915115059,"Italy","world_demand"
2017-07-01,130.458731026353,"Italy","world_demand"
2017-10-01,131.844118954921,"Italy","world_demand"
2018-01-01,132.827340090052,"Italy","world_demand"
2018-04-01,133.750740368516,"Italy","world_demand"
2018-07-01,134.638367876262,"Italy","world_demand"
2018-10-01,135.193252643886,"Italy","world_demand"
2019-01-01,136.855869818417,"Italy","world_demand"
2019-04-01,136.262046066389,"Italy","world_demand"
2019-07-01,136.920016123596,"Italy","world_demand"
2019-10-01,134.895370273874,"Italy","world_demand"
2020-01-01,131.674329021249,"Italy","world_demand"
2020-04-01,112.435462856348,"Italy","world_demand"
2020-07-01,126.391236503333,"Italy","world_demand"
2020-10-01,131.472326862777,"Italy","world_demand"
2021-01-01,134.051803987743,"Italy","world_demand"
2021-04-01,136.555769459978,"Italy","world_demand"
2021-07-01,137.528880546823,"Italy","world_demand"
2021-10-01,142.647341395606,"Italy","world_demand"
2022-01-01,145.28178590424,"Italy","world_demand"
2022-04-01,146.345577864702,"Italy","world_demand"
2022-07-01,149.333512941958,"Italy","world_demand"
2022-10-01,148.127836313929,"Italy","world_demand"
2023-01-01,147.472750267303,"Italy","world_demand"
2023-04-01,146.614601159661,"Italy","world_demand"
2023-07-01,144.735887853649,"Italy","world_demand"
2023-10-01,144.596165250273,"Italy","world_demand"
1980-01-01,27.1380104564576,"Spain","world_demand"
1980-04-01,26.6798562510657,"Spain","world_demand"
1980-07-01,26.3127135705665,"Spain","world_demand"
1980-10-01,26.2398427614152,"Spain","world_demand"
1981-01-01,26.5550721850154,"Spain","world_demand"
1981-04-01,26.6447675671334,"Spain","world_demand"
1981-07-01,27.1369122921126,"Spain","world_demand"
1981-10-01,27.2558596081106,"Spain","world_demand"
1982-01-01,27.4148217064002,"Spain","world_demand"
1982-04-01,27.0676287572352,"Spain","world_demand"
1982-07-01,26.6088284937857,"Spain","world_demand"
1982-10-01,25.7885544427878,"Spain","world_demand"
1983-01-01,25.8799664091665,"Spain","world_demand"
1983-04-01,26.3662998973755,"Spain","world_demand"
1983-07-01,26.7976102204395,"Spain","world_demand"
1983-10-01,27.4020092516102,"Spain","world_demand"
1984-01-01,28.0389105046291,"Spain","world_demand"
1984-04-01,28.4324035016719,"Spain","world_demand"
1984-07-01,28.8235502132896,"Spain","world_demand"
1984-10-01,29.0661566242359,"Spain","world_demand"
1985-01-01,29.4431062588127,"Spain","world_demand"
1985-04-01,29.250261460418,"Spain","world_demand"
1985-07-01,29.2745346147467,"Spain","world_demand"
1985-10-01,29.6124637083745,"Spain","world_demand"
1986-01-01,29.888361530334,"Spain","world_demand"
1986-04-01,30.6430754252644,"Spain","world_demand"
1986-07-01,31.1229267727964,"Spain","world_demand"
1986-10-01,31.0068463145102,"Spain","world_demand"
1987-01-01,31.4695932862734,"Spain","world_demand"
1987-04-01,32.1605662268769,"Spain","world_demand"
1987-07-01,32.9590628842509,"Spain","world_demand"
1987-10-01,33.7964639876557,"Spain","world_demand"
1988-01-01,33.643820350904,"Spain","world_demand"
1988-04-01,34.5657818931948,"Spain","world_demand"
1988-07-01,35.7084186514828,"Spain","world_demand"
1988-10-01,36.7562449229199,"Spain","world_demand"
1989-01-01,37.0591141763928,"Spain","world_demand"
1989-04-01,37.8342089168113,"Spain","world_demand"
1989-07-01,38.0987076842599,"Spain","world_demand"
1989-10-01,38.9062218790047,"Spain","world_demand"
1990-01-01,39.7437734599841,"Spain","world_demand"
1990-04-01,40.2794040196008,"Spain","world_demand"
1990-07-01,40.6447180589653,"Spain","world_demand"
1990-10-01,41.2027442324699,"Spain","world_demand"
1991-01-01,41.300830821843,"Spain","world_demand"
1991-04-01,41.7189899057869,"Spain","world_demand"
1991-07-01,42.1238262100063,"Spain","world_demand"
1991-10-01,42.3322572848652,"Spain","world_demand"
1992-01-01,43.6692487867359,"Spain","world_demand"
1992-04-01,43.8074640486523,"Spain","world_demand"
1992-07-01,43.5845381619004,"Spain","world_demand"
1992-10-01,43.4302756281928,"Spain","world_demand"
1993-01-01,42.0364916670226,"Spain","world_demand"
1993-04-01,41.5616134488016,"Spain","world_demand"
1993-07-01,41.9066533641052,"Spain","world_demand"
1993-10-01,42.4369711879085,"Spain","world_demand"
1994-01-01,43.5441539673381,"Spain","world_demand"
1994-04-01,44.8299892750145,"Spain","world_demand"
1994-07-01,45.8955129893337,"Spain","world_demand"
1994-10-01,47.5173831201143,"Spain","world_demand"
1995-01-01,47.3146227569848,"Spain","world_demand"
1995-04-01,48.7273527671272,"Spain","world_demand"
1995-07-01,48.8372981964537,"Spain","world_demand"
1995-10-01,49.3157396378295,"Spain","world_demand"
1996-01-01,49.65982024085,"Spain","world_demand"
1996-04-01,49.9002527032353,"Spain","world_demand"
1996-07-01,50.4892392360213,"Spain","world_demand"
1996-10-01,51.8448163248148,"Spain","world_demand"
1997-01-01,53.0243894649268,"Spain","world_demand"
1997-04-01,54.6582722157475,"Spain","world_demand"
1997-07-01,56.1127374547797,"Spain","world_demand"
1997-10-01,57.3780726430599,"Spain","world_demand"
1998-01-01,59.5262117463942,"Spain","world_demand"
1998-04-01,60.5230969664174,"Spain","world_demand"
1998-07-01,60.8466899084198,"Spain","world_demand"
1998-10-01,61.6070162465343,"Spain","world_demand"
1999-01-01,62.6780926938673,"Spain","world_demand"
1999-04-01,63.7424264333676,"Spain","world_demand"
1999-07-01,65.4138133592915,"Spain","world_demand"
1999-10-01,67.2726086429733,"Spain","world_demand"
2000-01-01,69.2521469834649,"Spain","world_demand"
2000-04-01,71.3672582941894,"Spain","world_demand"
2000-07-01,73.381666960117,"Spain","world_demand"
2000-10-01,75.5922385792519,"Spain","world_demand"
2001-01-01,74.4510376593925,"Spain","world_demand"
2001-04-01,74.6122434907127,"Spain","world_demand"
2001-07-01,73.5738816389682,"Spain","world_demand"
2001-10-01,72.8318047130296,"Spain","world_demand"
2002-01-01,73.6207332675981,"Spain","world_demand"
2002-04-01,74.780953073187,"Spain","world_demand"
2002-07-01,74.8900137418366,"Spain","world_demand"
2002-10-01,75.6399192442863,"Spain","world_demand"
2003-01-01,75.7876112210085,"Spain","world_demand"
2003-04-01,75.6928887291182,"Spain","world_demand"
2003-07-01,76.2199625019792,"Spain","world_demand"
2003-10-01,78.0777248337011,"Spain","world_demand"
2004-01-01,79.061238842949,"Spain","world_demand"
2004-04-01,80.8696286006839,"Spain","world_demand"
2004-07-01,82.1476105163401,"Spain","world_demand"
2004-10-01,83.9322409014726,"Spain","world_demand"
2005-01-01,83.5936939506668,"Spain","world_demand"
2005-04-01,85.5874072540528,"Spain","world_demand"
2005-07-01,86.5564409732407,"Spain","world_demand"
2005-10-01,89.1869789679245,"Spain","world_demand"
2006-01-01,91.8850704579934,"Spain","world_demand"
2006-04-01,93.6045147287748,"Spain","world_demand"
2006-07-01,93.0523891961301,"Spain","world_demand"
2006-10-01,95.3154641064246,"Spain","world_demand"
2007-01-01,96.7129904873824,"Spain","world_demand"
2007-04-01,98.0939432256281,"Spain","world_demand"
2007-07-01,99.8022798448504,"Spain","world_demand"
2007-10-01,100.459063958034,"Spain","world_demand"
2008-01-01,101.36849423167,"Spain","world_demand"
2008-04-01,100.882561710003,"Spain","world_demand"
2008-07-01,100.542903664571,"Spain","world_demand"
2008-10-01,96.5894310343597,"Spain","world_demand"
2009-01-01,90.3785848407519,"Spain","world_demand"
2009-04-01,88.8517595743001,"Spain","world_demand"
2009-07-01,90.8173275094767,"Spain","world_demand"
2009-10-01,93.4351553867104,"Spain","world_demand"
2010-01-01,95.9816183068971,"Spain","world_demand"
2010-04-01,99.8529293275777,"Spain","world_demand"
2010-07-01,101.092571818022,"Spain","world_demand"
2010-10-01,103.072880547503,"Spain","world_demand"
2011-01-01,103.916097697671,"Spain","world_demand"
2011-04-01,104.18880413109,"Spain","world_demand"
2011-07-01,104.23110786413,"Spain","world_demand"
2011-10-01,103.098953056312,"Spain","world_demand"
2012-01-01,103.304963480489,"Spain","world_demand"
2012-04-01,102.969326820906,"Spain","world_demand"
2012-07-01,103.125921304402,"Spain","world_demand"
2012-10-01,102.614823191676,"Spain","world_demand"
2013-01-01,103.173028600065,"Spain","world_demand"
2013-04-01,105.62731399986,"Spain","world_demand"
2013-07-01,106.611509111589,"Spain","world_demand"
2013-10-01,107.642826960917,"Spain","world_demand"
2014-01-01,108.349878262988,"Spain","world_demand"
2014-04-01,109.372655439798,"Spain","world_demand"
2014-07-01,111.103940270766,"Spain","world_demand"
2014-10-01,112.791940679391,"Spain","world_demand"
2015-01-01,114.460180363289,"Spain","world_demand"
2015-04-01,116.238474062676,"Spain","world_demand"
2015-07-01,115.796579012635,"Spain","world_demand"
2015-10-01,117.726018729905,"Spain","world_demand"
2016-01-01,118.307856455046,"Spain","world_demand"
2016-04-01,118.852965560936,"Spain","world_demand"
2016-07-01,120.574062722862,"Spain","world_demand"
2016-10-01,122.198242854688,"Spain","world_demand"
2017-01-01,123.90550519295,"Spain","world_demand"
2017-04-01,125.541070990486,"Spain","world_demand"
2017-07-01,126.962334909847,"Spain","world_demand"
2017-10-01,128.598146497135,"Spain","world_demand"
2018-01-01,129.268561935634,"Spain","world_demand"
2018-04-01,130.185841741445,"Spain","world_demand"
2018-07-01,130.892623019376,"Spain","world_demand"
2018-10-01,132.269622655928,"Spain","world_demand"
2019-01-01,134.043013418649,"Spain","world_demand"
2019-04-01,132.735028836903,"Spain","world_demand"
2019-07-01,132.786211982803,"Spain","world_demand"
2019-10-01,131.054507992917,"Spain","world_demand"
2020-01-01,127.190311913134,"Spain","world_demand"
2020-04-01,105.839801890933,"Spain","world_demand"
2020-07-01,120.591007388887,"Spain","world_demand"
2020-10-01,126.501783668523,"Spain","world_demand"
2021-01-01,128.660928828088,"Spain","world_demand"
2021-04-01,130.554365155946,"Spain","world_demand"
2021-07-01,132.724163221945,"Spain","world_demand"
2021-10-01,137.863143705283,"Spain","world_demand"
2022-01-01,140.526073026602,"Spain","world_demand"
2022-04-01,141.936284182032,"Spain","world_demand"
2022-07-01,144.715323637407,"Spain","world_demand"
2022-10-01,143.969687738236,"Spain","world_demand"
2023-01-01,142.572787037049,"Spain","world_demand"
2023-04-01,142.554812712624,"Spain","world_demand"
2023-07-01,140.960684493989,"Spain","world_demand"
2023-10-01,140.239547984322,"Spain","world_demand"
